{
    "new_embodiment": {
        "statistics": {
            "state": {
                "end_effector_position_relative": {
                    "max": [
                        0.7942189574241638,
                        0.8307828903198242,
                        1.1483131647109985
                    ],
                    "min": [
                        -0.4339153468608856,
                        -0.7541601657867432,
                        0.020493969321250916
                    ],
                    "mean": [
                        0.265899121761322,
                        -0.03677098825573921,
                        0.558521032333374
                    ],
                    "std": [
                        0.19242940843105316,
                        0.25636205077171326,
                        0.24444861710071564
                    ],
                    "q01": [
                        -0.25676772445440293,
                        -0.6051785916090011,
                        0.07421215474605561
                    ],
                    "q99": [
                        0.7379354298114776,
                        0.5997309416532516,
                        0.9655245333909988
                    ]
                },
                "end_effector_rotation_relative": {
                    "max": [
                        0.9999660849571228,
                        0.982506513595581,
                        0.9580236673355103,
                        0.9619708061218262
                    ],
                    "min": [
                        -0.9999597668647766,
                        -0.9712596535682678,
                        -0.943482518196106,
                        3.7344480574574845e-07
                    ],
                    "mean": [
                        -0.12763498723506927,
                        0.14193804562091827,
                        0.02078012004494667,
                        0.21514368057250977
                    ],
                    "std": [
                        0.7688252329826355,
                        0.3534308671951294,
                        0.3788532018661499,
                        0.23933619260787964
                    ],
                    "q01": [
                        -0.9971492707729339,
                        -0.6687919110059738,
                        -0.7791622757911683,
                        0.0013391489046625793
                    ],
                    "q99": [
                        0.9953262060880661,
                        0.8492194354534147,
                        0.7703842520713805,
                        0.809560364484787
                    ]
                },
                "gripper_qpos": {
                    "max": [
                        0.048642825335264206,
                        0.004712148103863001
                    ],
                    "min": [
                        -0.010493254289031029,
                        -0.04527268558740616
                    ],
                    "mean": [
                        0.03135867789387703,
                        -0.03105575032532215
                    ],
                    "std": [
                        0.013565272092819214,
                        0.013735458254814148
                    ],
                    "q01": [
                        -4.079763930349145e-05,
                        -0.040256062522530556
                    ],
                    "q99": [
                        0.04065848309546709,
                        -0.00040594708843855225
                    ]
                },
                "base_position": {
                    "max": [],
                    "min": [],
                    "mean": [],
                    "std": [],
                    "q01": [],
                    "q99": []
                },
                "base_rotation": {
                    "max": [],
                    "min": [],
                    "mean": [],
                    "std": [],
                    "q01": [],
                    "q99": []
                }
            },
            "action": {
                "end_effector_position": {
                    "max": [
                        1.0,
                        1.0,
                        1.0
                    ],
                    "min": [
                        -1.0,
                        -1.0,
                        -1.0
                    ],
                    "mean": [
                        0.029112527146935463,
                        0.007674056105315685,
                        -0.030894069001078606
                    ],
                    "std": [
                        0.4052935540676117,
                        0.40050920844078064,
                        0.3446480929851532
                    ],
                    "q01": [
                        -1.0,
                        -1.0,
                        -0.9714091718196869
                    ],
                    "q99": [
                        1.0,
                        1.0,
                        0.9951590567827224
                    ]
                },
                "end_effector_rotation": {
                    "max": [
                        1.0,
                        1.0,
                        1.0
                    ],
                    "min": [
                        -1.0,
                        -1.0,
                        -1.0
                    ],
                    "mean": [
                        0.006713760085403919,
                        -0.0225018709897995,
                        -0.004447185900062323
                    ],
                    "std": [
                        0.14108817279338837,
                        0.13999296724796295,
                        0.13281436264514923
                    ],
                    "q01": [
                        -0.3997776865959167,
                        -0.44388803988695147,
                        -0.39864649772644045
                    ],
                    "q99": [
                        0.45885432213544836,
                        0.350165532529354,
                        0.39450133293867096
                    ]
                },
                "gripper_close": {
                    "max": [
                        1.0
                    ],
                    "min": [
                        -1.0
                    ],
                    "mean": [
                        -0.3005948066711426
                    ],
                    "std": [
                        0.9550483822822571
                    ],
                    "q01": [
                        -1.0
                    ],
                    "q99": [
                        1.0
                    ]
                },
                "base_motion": {
                    "max": [
                        0.0,
                        0.0,
                        0.0,
                        0.0
                    ],
                    "min": [
                        0.0,
                        0.0,
                        0.0,
                        0.0
                    ],
                    "mean": [
                        0.0,
                        0.0,
                        0.0,
                        0.0
                    ],
                    "std": [
                        0.0,
                        0.0,
                        0.0,
                        0.0
                    ],
                    "q01": [
                        0.0,
                        0.0,
                        0.0,
                        0.0
                    ],
                    "q99": [
                        0.0,
                        0.0,
                        0.0,
                        0.0
                    ]
                },
                "control_mode": {
                    "max": [
                        -1.0
                    ],